filename,scratch_small,scratch_large,dent_small,dent_large,stray_particle,discoloration
np7x98vV9L.png,0,0,1,0,0,0
eJL9eBxtwi.png,1,0,0,0,0,0
Mm0wzMknhT.png,0,0,0,0,0,0
UJhpQVf8LP.png,0,0,0,0,0,0
5vpsw4NX6n.png,0,0,0,0,0,0
j3Tv2IVbGQ.png,0,0,0,0,0,0
Mw74xRMA3e.png,0,0,0,0,0,0
Zzb4AT0RGw.png,1,0,1,0,1,0
iATgSxiO7E.png,0,0,0,0,0,0
rRUgl9qwaV.png,0,0,0,0,0,0
B0s81wIAOS.png,0,0,0,0,0,0
QWq3YgefTy.png,0,0,0,0,0,0
OqkXsS0jiB.png,0,0,0,0,0,0
eXKdphL7Ov.png,0,0,1,0,0,0
nlxzb1KH72.png,0,0,0,0,0,0
MKAcOxeKC7.png,1,0,1,0,0,0
zNYjrZ0ulN.png,0,0,0,0,0,0
53ope8Ljuh.png,1,0,1,0,1,0
EdHx9PF5pW.png,0,0,0,0,0,0
fPqjLwe2aP.png,0,0,1,0,0,0
4WxhYFmepe.png,0,0,0,0,0,0
TUNRov9kyy.png,1,1,0,0,0,0
LOw6vLXXiP.png,1,0,0,0,0,0
9Lc3qDX8Kc.png,0,0,0,0,0,0
FdUwrMJpSJ.png,0,0,0,0,0,0
64gfuIvCnD.png,0,0,1,0,0,0
1rgwfqMOZ5.png,0,0,1,0,0,0
CakrNn3cMa.png,0,0,0,0,0,0
uCMflWpWVQ.png,0,0,0,0,0,0
M7IHlm8VbV.png,0,0,0,0,0,0
NQ0u4VobQY.png,0,0,0,0,0,0
mAyTvtkfe4.png,1,0,1,0,0,0
QWwiiT7mRQ.png,1,0,1,0,0,0
19Ql0buhGq.png,0,0,0,0,0,0
KZQ3jXk3iI.png,0,0,0,0,0,0
Hp52LXbGCN.png,0,0,0,0,0,0
Tp7fUtY7RB.png,0,0,0,0,0,0
QDxRm9rCBA.png,0,0,0,0,0,0
ZjshTo1zdQ.png,0,0,0,0,0,0
1kCzuijTrA.png,0,0,0,0,0,0
cIS2B3wLWc.png,0,0,0,0,0,0
EVoLr2ykGf.png,0,0,0,1,0,0
LwK1LOMxNX.png,0,0,0,0,0,0
vuFiLYkor2.png,0,0,0,0,0,0
DMIjhuqmOZ.png,0,0,0,0,0,0
4sxVv8EUTQ.png,1,0,1,0,1,0
2diLwk3yD2.png,0,0,1,0,0,0
GiFE1Gg23O.png,1,0,1,0,0,0
Udi4QyoDU0.png,0,0,0,0,0,0
GSjzKwxtUm.png,0,0,0,0,0,0
ngaK0450K7.png,0,0,0,0,0,0
a20AplGBD3.png,0,0,0,0,0,0
3942Wmh41R.png,0,0,0,0,0,0
9ihsKyz2to.png,0,0,0,0,0,0
iHVQbvEGjk.png,1,0,0,0,0,0
vSrJCv3PSP.png,1,0,1,0,0,0
fkuo5BdsaG.png,0,0,0,0,0,0
sBU0MR7cIE.png,0,0,0,0,0,0
MtzjzXQx94.png,0,0,0,0,0,0
1bhn89zOBT.png,0,0,1,0,0,0
XKzW8RcC8m.png,0,0,0,0,0,0
dHBGWgNx72.png,0,0,0,0,0,0
VZqewV5zOt.png,0,0,0,0,0,0
sI8G0oAqAl.png,0,0,0,0,0,0
WGLhaTKyeC.png,0,0,0,0,0,0
MVs9EAcVBP.png,0,0,1,0,0,0
aJTw2XRusA.png,0,0,0,0,0,0
kOY47vsAWv.png,0,0,1,0,0,0
K9wSD0cOtV.png,1,1,1,1,0,1
j1NNKMd2ho.png,0,0,1,0,0,0
V6uPTiEIhl.png,0,0,0,0,0,0
0YevgFP78d.png,0,0,0,0,0,0
LQwNEg0gnV.png,0,0,0,0,0,0
JjIm6nUplt.png,0,0,0,0,0,0
HRGKr6OPRA.png,1,0,1,0,1,0
GeoQ9HnAmW.png,0,0,0,1,0,0
JHn6p4iryF.png,0,0,0,0,0,0
1D7N5HZKwN.png,0,0,0,0,0,0
xGg8olRSg4.png,0,0,0,0,0,0
emD2NLRNuA.png,0,0,0,0,0,0
9c14mwCdKx.png,0,0,0,0,0,0
ojD2Mjvfhq.png,0,0,0,1,0,0
hrRf7j4HPw.png,0,0,0,0,0,0
y2a1Z6doL8.png,0,0,0,0,0,0
5LzXKJN12s.png,0,0,1,1,0,1
OTOhOV2Ixv.png,0,0,0,0,0,0
xnk487luOB.png,0,0,0,0,0,0
NVu46kIiEO.png,0,0,0,0,0,0
Vw3IENlrgf.png,0,0,0,0,0,0
Aniv0aMklG.png,0,0,1,0,0,0
FgUN3tnT1V.png,1,0,0,0,1,0
NUO1W9Cyxl.png,0,0,0,0,0,0
4VbR0RVfhm.png,1,0,0,0,0,0
8AlRd6pKCh.png,0,0,1,0,0,0
A42qNs5Ukb.png,0,0,0,1,0,0
WuzH7As7IA.png,0,0,0,1,0,0
4Eid4A9OEY.png,0,0,0,0,0,0
a69vru72aJ.png,0,0,1,0,0,0
YL8ZK7FLpm.png,1,0,0,0,0,0
wq9apdTG1K.png,0,0,0,0,0,0
DsgWYF0wiH.png,0,0,0,0,0,0
krNiEeyNSo.png,0,0,1,0,0,0
U38A5P3YKX.png,0,0,0,0,0,0
uNxNwgtFP0.png,1,0,0,0,0,0
6VNn0pNNwT.png,1,0,1,1,1,0
YvrGgRDgxG.png,1,0,0,0,0,0
TJAiWE3fn7.png,0,0,0,0,0,0
g1MjJRpK8I.png,0,0,0,0,0,0
Aqf8Kpo9QR.png,0,0,0,0,0,0
sPgi025OtR.png,0,0,0,0,0,0
kiAr5AqcCf.png,1,0,0,0,0,0
xsxS4sCX6N.png,0,0,0,0,0,0
kh6b1eyqqO.png,0,0,0,0,0,0
nPFPUrjy6p.png,0,0,1,0,0,0
RqZxxHj4t8.png,0,0,0,0,0,0
Yb8VM02spP.png,0,0,1,0,0,0
vTTeA5rEYq.png,0,0,0,0,0,0
LyrkDls2Cq.png,0,0,0,0,0,0
eroM5ZeoSz.png,0,0,1,0,0,0
k8DqSuuoZc.png,0,0,0,0,0,0
nRPZ9oU866.png,0,0,0,0,0,0
0Es4822uqB.png,0,0,0,0,0,0
UJH7QhKhqs.png,0,0,0,0,0,0
lJ2tdYl6ks.png,0,0,1,0,0,1
0vPmyKm52V.png,0,0,0,0,0,0
25g2QlpNcL.png,0,0,1,0,0,0
XGZuZ36Kzi.png,0,0,0,0,0,0
4cUGITxQqx.png,0,0,1,0,0,0
HXaFssz6ch.png,0,0,0,0,0,1
9tA7yc1pzr.png,0,0,0,0,0,0
OwKyYZpCcD.png,0,0,1,0,0,0
1kd3fgk79B.png,0,0,0,0,0,0
0dNHACDFAv.png,0,0,1,0,0,0
L5NXmJpzDR.png,0,0,0,0,0,0
Nxdnu3Th2k.png,0,0,0,0,0,0
aVS1xzdQG4.png,0,0,1,0,0,0
KtJOZbZDo2.png,1,0,1,0,0,0
cQMlAUjVTa.png,0,0,1,0,0,0
ZerOxNAEw5.png,0,0,0,0,0,0
B4bDaEOLu6.png,0,0,0,0,0,0
FBkvUdAbtU.png,0,0,0,0,0,0
1BIH3MZXbU.png,0,0,0,0,0,0
8xkM9Ek3a9.png,1,0,0,0,1,0
lzAcXoJa4Z.png,1,0,1,0,0,0
YQxiGvQokP.png,0,0,0,0,0,0
VXy4lszxd4.png,0,0,0,0,0,0
7UfBB79rQs.png,0,0,1,0,0,0
pydgn2ogQF.png,0,0,0,0,0,0
0QmazWWm5F.png,0,0,0,0,0,0
MFAZTokLoF.png,1,0,1,0,1,0
a9AEnOu7zk.png,1,0,0,0,0,0
J1gRs4SthI.png,0,0,0,0,0,0
arRKZPp9e0.png,0,0,1,0,0,0
Jw04DzUc0H.png,0,0,0,0,0,0
zk4o7PvY0x.png,0,0,0,0,0,0
l4MTfmo4A2.png,0,0,0,0,0,0
Eu0EA9eUgH.png,0,0,0,0,0,0
yHW4gBWnJg.png,0,0,0,0,0,0
0mkPqIatUi.png,0,0,0,0,1,0
vcWH0yldtI.png,0,0,0,0,1,0
n8gqgiexir.png,0,0,0,0,1,0
u47mUBfYnJ.png,0,0,0,0,0,0
5SGb0obgNM.png,0,0,0,0,1,0
FHRftwuuMZ.png,1,0,0,0,0,0
7E8ooD8idd.png,0,0,0,0,0,0
rCj8MKWQuv.png,0,0,0,0,1,0
cX4PyCMrCZ.png,0,0,0,0,1,0
QGicxAdKkL.png,0,0,0,0,1,0
1CQHaqxWL1.png,0,0,0,0,1,0
VEldXfs4dW.png,0,0,0,0,1,0
rF8MhCrjnE.png,0,0,0,0,0,0
WLqYryVS64.png,0,0,0,0,1,0
zkpoapcDCG.png,0,0,0,0,1,0
XCR4ffuahF.png,0,0,0,0,1,0
5umMy9d6w8.png,0,0,0,0,1,0
EcM7YvqeYq.png,1,1,0,0,0,0
Bs37VJuMuO.png,0,0,0,0,1,0
qjpqgiKYXT.png,0,0,0,0,1,0
L7qSSzWzZg.png,0,0,0,0,0,0
kxRf1gT7dh.png,0,0,0,0,1,0
ke1al4vdd8.png,0,0,0,0,1,0
pIaIXpExDl.png,0,0,0,0,1,0
5MqP6oPPgL.png,0,0,0,0,1,0
l774uk8WAW.png,0,0,0,0,1,0
0SilEnP6DS.png,0,0,0,0,1,0
bFugLtdtE5.png,0,0,0,0,1,0
DUn8wqSedI.png,0,0,0,0,1,0
Wuy6OohFrx.png,0,0,0,0,0,0
No49ZUekXd.png,0,0,0,0,1,0
GpeCndaVkK.png,0,0,0,0,1,0
Uz5CsXWRVg.png,0,0,0,0,1,0
029lbK8XEn.png,0,0,0,0,1,0
EO4EdtnBim.png,0,0,0,0,1,0
TL8tLI6ZZC.png,0,0,0,0,1,0
S4dnRpYhGw.png,0,0,0,1,1,0
0IOXf1M8Z1.png,0,0,0,0,1,0
kVmw2PgUdT.png,1,1,1,0,1,0
DEEcLvnf4w.png,0,0,1,0,1,0
M2kZhWMxdo.png,0,0,0,0,0,0
cczEMqnanH.png,0,0,0,0,1,0
U7XYxIL0KN.png,0,0,0,1,1,1
NVfYO4z4JE.png,0,0,0,0,1,0
cgjP1TVS5W.png,1,1,1,0,1,0
2Zmdmpf0oD.png,0,0,0,0,1,0
MTPt4SpB2V.png,0,0,0,0,1,0
mnovfYIvuJ.png,0,1,1,0,0,0
XVsJEMVuU2.png,1,0,1,0,1,0
NeplnETR4c.png,1,1,1,0,1,0
2DrCcsiFZJ.png,0,0,0,0,1,0
BDhG1icS0s.png,1,0,0,1,1,1
8Hr0s6ottq.png,0,0,0,0,1,0
RvMO7vJ9tq.png,0,0,0,0,1,0
MGxO2dM5fn.png,0,0,0,0,1,0
pZkWXnhNhy.png,0,0,0,0,1,0
xr70pRdFwb.png,0,0,0,0,1,0
FJPraWuwAa.png,0,0,0,0,1,0
defcFpNeNO.png,0,0,0,0,1,0
XglK8yCEaR.png,0,0,0,0,1,0
f1SH1ZK8fC.png,1,1,0,0,0,0
UXTZNm2LRb.png,0,0,0,0,1,0
yHGDjyYGtH.png,0,0,0,0,1,0
utkM2QxGYR.png,0,0,0,0,1,0
WRyKl3ys17.png,1,0,1,0,1,1
n2Q7CAcwvZ.png,0,0,0,0,1,0
jBRuYViP08.png,0,0,0,0,1,0
C9gcnASObO.png,1,1,1,0,1,0
5Sht53BP87.png,0,0,0,0,1,0
QeSUkENhDB.png,0,0,0,0,1,0
WQixQxNz8g.png,0,0,0,0,1,0
XASMW6I40i.png,0,0,0,0,1,0
TI395EsBlw.png,0,0,0,0,1,0
4z7EGkFO1P.png,0,0,0,0,1,0
KJk8XVMhMN.png,0,0,0,0,1,0
echEP7d7Nj.png,1,0,1,0,0,0
nGWw7dz6bS.png,0,0,0,0,0,0
Cy11oZT4Uy.png,0,0,0,0,1,0
NLf8wVMNge.png,0,0,0,0,1,0
T0m5z2je1g.png,0,0,0,0,0,0
44rU50CgIq.png,0,0,0,0,0,0
5KNK5hiasv.png,0,0,0,0,1,0
Uq4zP64fah.png,0,0,0,0,1,0
JNf0zI9K4w.png,0,0,0,0,1,0
8UIIRI7RxF.png,0,0,0,0,1,0
iiKktQefFi.png,0,0,0,0,1,0
GCweClYf6f.png,0,0,0,0,1,0
2KCMRLiVAL.png,0,0,0,0,1,0
Gg0m0ZfxE6.png,0,0,0,0,1,0
Ku0sy6Y3b2.png,0,0,0,0,1,0
eqMZ632O5I.png,1,1,1,0,1,0
aUkOhLMyHn.png,0,0,0,0,1,0
BwNL90aizE.png,0,0,0,0,1,0
Qxi0Bf7uLh.png,0,0,0,0,1,0
z5hSuZgyWX.png,0,0,0,0,0,0
SQAKbXuWWw.png,0,0,0,0,1,0
bfOHUHnti6.png,0,0,0,0,0,0
sPqiobk0gi.png,0,0,0,0,1,0
rM5wKwUy2G.png,0,0,1,0,1,0
GSg3VQPDu1.png,0,0,0,0,0,0
TG3GKK3mXa.png,1,0,1,0,1,0
DbMUyeTlyy.png,1,0,1,0,1,1
VcibGTF4wa.png,0,0,0,0,1,0
tA5q68lA8n.png,0,0,0,0,0,0
uofvvxXasf.png,0,0,0,0,1,0
IiHMFDuVNP.png,0,0,0,0,1,0
sDmur16RwH.png,0,0,0,0,1,0
QGEZGBuvD5.png,0,0,0,0,1,0
KtemoyRr1s.png,0,0,0,0,0,0
vyMIHPDiCf.png,0,0,0,0,1,0
5w6F18QvPX.png,0,0,0,0,0,0
VfZojIQfTB.png,0,0,0,0,1,0
rVGjvITQSv.png,1,0,1,0,1,0
iKqZuNu5Ad.png,0,0,0,0,1,0
n3yXCdX8ac.png,1,1,1,0,1,0
kEbofd4qdK.png,0,0,0,0,0,0
7oLUFzEPHA.png,0,0,0,0,1,0
uvMOLfpbIU.png,0,0,0,0,1,0
HK8heibSQx.png,1,1,1,0,1,0
VU6jrP5HuZ.png,0,0,0,0,1,0
LKQvzyV1D7.png,1,0,1,0,0,0
NqsJ0u3qAQ.png,0,0,0,0,1,0
X1pmvPsFid.png,0,0,0,0,1,0
okJCS9g2TE.png,0,0,0,0,1,0
gHHUc5EVir.png,0,0,0,0,1,0
nuVRGN1gCc.png,0,0,0,0,1,0
cK9ESs3ebP.png,0,0,0,0,1,0
fWm0eBiDrw.png,0,0,0,0,1,0
mOMIioWfvV.png,0,0,0,0,1,0
qzDyBlkKSZ.png,0,0,0,0,0,0
1I912QiM9a.png,0,0,0,0,1,0
rh5rBB6Vte.png,0,0,0,0,1,0
SLZ8FJAKEQ.png,1,1,0,1,1,1
fFKFhX0Qn2.png,0,0,0,0,1,0
GvKT8ifHmF.png,0,0,0,0,0,0
SW7xdcEt1A.png,0,0,0,0,1,0
ZDWEbxWJUD.png,0,0,0,0,1,0
APBUsjntWE.png,0,0,0,0,1,0
zHiqtgz1SY.png,1,0,0,1,0,0
REAmI9sN7O.png,0,0,0,0,1,0
8bksrTN6s1.png,1,1,1,1,1,1
qGjyn799nM.png,0,0,0,0,0,0
2JS5cM5DTA.png,0,0,0,0,1,0
C3QDmGjPgF.png,0,0,0,0,1,0
JyeEbgeLhU.png,0,0,0,0,1,0
w0aUwotCW0.png,0,0,0,1,1,0
tRGMVYZcwa.png,0,0,0,0,1,0
40c54EKxIm.png,0,0,0,0,1,0
kUztgbmvfQ.png,0,0,0,0,1,0
3iwsZpSYLN.png,0,0,0,0,1,0
NQ7Ha6E9pP.png,0,0,0,0,1,0
m39j8wC9gl.png,1,0,1,0,1,0
7kpMVbjnvp.png,1,1,1,0,1,0
yinpkVOLif.png,0,0,0,0,1,0
xmaXf9fLcn.png,0,0,0,0,1,0
iro3dJTT0h.png,0,0,0,0,1,0
e7VyBggt7M.png,0,0,0,0,1,0
SNHiruomzJ.png,1,0,1,0,1,0
yauhzSvs8v.png,0,0,0,0,1,0
uPLudAFFDx.png,0,0,0,0,1,0
NKqHGr3xup.png,0,0,0,0,1,0
M0Op5gah0h.png,0,0,0,0,0,0
Y3oUZoU7q2.png,0,0,0,0,1,0
rOkSOJ7KnP.png,0,0,0,0,1,0
Gdx71Mrg8Q.png,1,1,1,0,0,1
WbKG68n0hU.png,1,0,1,0,1,1
yOfhEH1wui.png,0,0,0,0,1,0
lZu9YMt5tI.png,0,0,0,0,1,0
tbousQJvDw.png,1,0,1,0,1,0
AqYW4qC3SY.png,0,0,0,0,1,0
WFT4Fn8brF.png,0,0,1,0,1,0
7UfCg1SlJM.png,0,0,0,0,1,0
i5WDGjTOGw.png,0,0,0,0,1,0
NRsvReBEc3.png,0,0,0,0,1,0
lIfsJaKPL8.png,0,0,0,0,1,0
TxKFHotmud.png,1,1,0,1,0,0
juMGyuwtjc.png,0,0,0,0,1,0
pznXNN1bK4.png,0,0,0,0,1,0
57RBaYt9zJ.png,0,0,0,0,1,0
kUHreayl36.png,0,0,0,0,0,0
N9NLCKtPco.png,0,0,0,0,0,0
Fv7bcT1U6F.png,0,0,0,0,1,0
qpLQrmD1aG.png,1,0,1,0,0,0
FrCCrpE23D.png,1,1,1,0,1,1
LJY3raHHnH.png,0,0,0,0,1,0
AO8sWybOwT.png,0,0,0,0,1,0
YO5k9pIz9D.png,0,0,0,0,1,0
90M71Gwv4i.png,1,0,1,0,1,0
bbAFcuK6QI.png,1,0,1,0,0,0
SzMEGCSP4W.png,0,0,0,0,1,0
CC9ApDbzYN.png,0,0,0,0,1,0
NxUzljhX4a.png,0,0,0,0,1,0
LYNnRUeiz6.png,0,0,0,0,1,0
D20ZbqEjRE.png,1,1,0,0,0,0
O0q4X1UwQh.png,1,0,0,1,1,1
9Qi7iK1XE9.png,0,0,0,0,1,0
3qjDjFoq7M.png,0,0,0,0,1,0
a4pcQFGOp8.png,0,0,0,1,1,0
YZn0K11uek.png,1,0,0,1,1,1
3R3b4NgvUT.png,0,0,0,0,1,0
fO7ssrBSek.png,1,0,1,0,1,1
rRNedFCbkG.png,0,0,0,0,1,0
lQmKWzRYAL.png,0,0,0,0,1,0
Fs6TzaDFeV.png,1,1,1,0,1,0
TzqWl4SzWz.png,0,0,0,0,1,0
DJW6YYtIDd.png,0,0,0,0,0,0
oXnvYVnQ7l.png,0,0,0,0,1,0
NkWTQz5DN9.png,0,0,0,0,1,0
T525SAaGtb.png,0,0,0,0,1,0
5Q7hm340UC.png,0,0,0,0,1,0
pd6b5TjmFk.png,0,0,0,0,0,0
v9U8o2bUJp.png,0,0,0,0,1,0
lh6YojotOi.png,0,0,0,0,1,0
25jE8SiGuE.png,0,0,0,0,0,0
Y6wQhLj28z.png,0,0,0,0,1,0
kivNXzJvaL.png,0,0,0,0,1,0
NT1YXZvEm3.png,0,0,0,0,1,0
sCNCZSYIFN.png,0,0,0,0,0,0
T6urakI99D.png,1,1,0,1,0,0
l0rAIDWvrz.png,0,0,0,0,1,0
Zs3lCKy2LF.png,0,0,0,0,1,0
T1sgjMzUHA.png,0,0,0,0,1,0
B1dzSYzFCp.png,0,0,0,0,1,0
4rj6q8rXbx.png,0,0,0,0,1,0
RnDsjIx2jr.png,0,1,0,0,0,0
4iuWSidhIA.png,0,0,0,0,1,0
zgrrCclznt.png,0,0,0,0,1,0
bYG2z32fvT.png,0,0,0,0,1,0
bcit66Dchr.png,1,1,1,0,1,0
QNLrb1yHAs.png,1,0,0,1,1,1
cFCfZuG2xf.png,0,0,0,0,1,0
e1U1pFVBYO.png,1,0,1,0,1,1
dImoKfjnGB.png,0,0,0,1,1,0
JhElcQkuxT.png,0,0,0,0,1,0
6lFGjiVKXa.png,0,0,0,0,0,0
c7Wvz88n4w.png,0,0,0,0,0,0
YnqIbSSFhM.png,1,1,1,1,1,1
U8RRIC9D8y.png,0,0,0,0,0,0
IekgmJu2KH.png,0,0,0,0,1,0
MTdCGEisVZ.png,0,0,0,0,1,0
SUuzs52Uf7.png,0,0,0,0,1,0
KN6Hwq3aZU.png,0,0,0,0,1,0
0KW4PIlKYv.png,1,0,0,1,0,0
qJBaQz8FHH.png,0,0,0,1,1,0
QeJra6Jvls.png,1,0,1,0,1,0
sxBffQ5oY5.png,0,0,0,0,1,0
h4aX8spSZ9.png,0,0,0,0,1,0
wEus4cdtPB.png,0,0,0,0,1,0
AAbNMxhTLI.png,0,0,0,0,1,0
EAUrPGAOGI.png,0,0,0,0,0,0
FMgVuoQ9kq.png,0,0,0,0,1,0
QJ4jHzuOOl.png,1,0,0,0,0,0
yw8b42QfV6.png,0,0,1,0,0,0
EenIvKl4CA.png,0,1,1,0,0,0
zXpAeyv7zz.png,0,0,0,0,1,0
GfcbWl2rZd.png,0,0,0,0,1,0
r1JxXElHyr.png,0,0,0,0,1,0
T6wupe2F7h.png,1,0,1,0,1,1
NW8scQS4bj.png,0,0,0,0,1,0
I71v67i4m0.png,1,1,0,0,0,0
tSswqy6zpu.png,0,0,1,0,0,0
6W1NFC8p7b.png,0,0,0,0,1,0
5kU59e7QZb.png,0,0,0,0,1,0
zagUAXsJF9.png,0,0,0,0,1,0
CyjZA55VWn.png,1,1,1,1,1,1
7hrovLTXs2.png,0,0,0,1,1,0
zldBhcg2S3.png,0,0,0,0,1,0
5HXnQOaLa8.png,0,0,0,0,1,0
ii3cFYcIHk.png,1,0,0,1,1,1
p8r4r49AGx.png,0,0,0,0,1,0
lOlYZalvfO.png,0,0,0,0,1,0
xKtbv01euh.png,0,0,0,0,1,0
Va80AQlz5g.png,0,0,0,0,1,0
5s23IVdPs5.png,0,0,0,0,1,0
MTRCeJJ33A.png,0,0,0,0,1,0
8BVx3FIE4l.png,0,0,0,0,1,0
7m3CafV1ud.png,0,0,1,0,1,0
9LR8DbfJSh.png,1,1,1,1,1,1
P9rhiqPVyL.png,0,0,0,0,1,0
PlZWsCvU6b.png,0,0,0,0,1,0
Ji7VVpwSvE.png,0,0,0,0,1,0
gboFIQhHxM.png,1,0,1,0,1,0
PyMj0tUvva.png,0,1,0,0,0,0
5HbCUDg1rL.png,0,0,0,0,1,0
lOc1HNGeuh.png,0,0,0,0,1,0
LfRNfpcAD6.png,1,0,1,0,1,0
suD9xSPHhh.png,0,0,0,0,1,0
VegrzzmkuV.png,1,1,1,1,1,1
z7nZ0i3FEC.png,1,1,1,1,1,1
HYzH5gdBpr.png,0,0,0,0,1,0
TP6LX2IaFy.png,0,0,0,0,1,0
CUlRY28Ztr.png,0,0,0,0,1,0
srTZDhu9gw.png,0,0,0,0,0,0
0WRyPyNKpj.png,0,0,0,0,1,0
VWefjpx6Eo.png,1,1,1,1,1,1
WpoNQvPOXx.png,0,0,0,0,0,0
9cd2ArwfvC.png,0,0,0,0,1,0
EfTGhUoDhh.png,0,0,0,0,0,0
KRdUnR6ucV.png,0,0,0,0,1,0
sb0liqbJuE.png,0,0,0,0,0,0
qqcXfwrEGD.png,0,0,0,0,1,0
PRNKCvd5W7.png,0,0,0,0,1,0
rc2jE9BYyv.png,0,0,0,0,1,0
fmO26ylDua.png,0,0,0,0,1,0
EhKgycnxVD.png,0,0,0,0,1,0
loxoPbgEfi.png,0,0,0,0,0,0
ow5TGpVsn1.png,0,0,0,0,1,0
5CrlBLr2Fl.png,0,0,0,0,1,0
DDgsADWOTk.png,0,0,0,0,1,0
2h6LIjAPEp.png,1,0,0,1,1,1
TUBctR1FrV.png,0,0,0,0,1,0
qr6Osy1L7l.png,0,0,0,0,1,0
KPsuFP8MDE.png,0,0,0,0,1,0
uGpz5f66L6.png,0,0,0,0,1,0
M8X1E2vmQl.png,0,0,0,0,1,0
RoZYOONm0m.png,0,0,0,0,1,0
4NQp5Y9YZu.png,0,0,0,0,1,0
3iRz4Y26c0.png,0,0,0,0,1,0
hNj8RaCBFl.png,0,0,0,0,0,0
8V2rrmmKVt.png,0,0,0,0,1,0
kiwqoCqL4h.png,0,0,0,0,1,0
uH6cKoVAj7.png,1,0,1,0,1,0
KArDZ196L0.png,0,0,0,0,1,0
JYoyFLFtXw.png,0,0,0,0,0,0
0keWJlvn2e.png,1,0,1,0,1,1
iZgYkixAZN.png,0,0,0,0,0,0
FDP2Vb9ACw.png,0,0,0,0,1,0
oPBGEj3EMP.png,0,0,0,0,1,0
52jMErqxhM.png,0,0,0,0,1,0
FmwdZj8uZk.png,0,0,0,0,1,0
YDJKNdzg25.png,0,0,0,0,0,0
C47T9qcd76.png,0,0,0,0,1,0
4DW1Y5yaGi.png,0,0,0,0,1,0
Yrs0AZJFbd.png,1,0,1,0,1,1
cbzONDwJ60.png,0,0,0,0,1,0
3Xe0UzaWOQ.png,0,0,0,0,1,0
d0g5I2X0Au.png,0,0,0,0,1,0
GRfcNpgl96.png,0,0,0,0,1,0
DkGjeqPGKj.png,1,1,1,0,1,1
p0A1jeU2HC.png,0,0,0,0,0,0
AQhnDAkvvl.png,0,0,0,0,0,0
2AqnHNfuA9.png,0,0,0,0,1,0
PnCsV0KXgu.png,0,0,0,0,1,0
U2dVurkdkh.png,1,0,0,1,1,1
dKFSltiGVU.png,0,0,0,0,1,0
1cnn9ZDtKj.png,0,0,0,0,1,0
GbBNeUGvXU.png,0,0,0,0,1,0
dsSFMsueXu.png,0,0,0,0,1,0
90dM1UI5TM.png,0,0,0,0,1,0
JiQdU20qV9.png,0,0,0,0,1,0
A7Cfe0A5pi.png,0,0,0,0,1,0
PZKYfJgfhf.png,0,0,0,0,1,0
yaTc80VgCf.png,0,0,0,0,1,0
6SzmKJtZIR.png,1,0,1,0,1,1
9nekOumbsA.png,0,0,0,0,0,0
sFS0I4Wwfh.png,0,0,0,0,1,0
A4RXmV4Fwh.png,0,0,0,0,1,0
LCky4NPX9Z.png,0,0,0,0,1,0
rCA5h6XfCU.png,0,0,0,0,0,0
FEobT868x9.png,0,0,0,0,1,0
EFwVsGCLhv.png,0,0,0,0,1,0
jhV2IFSvmA.png,0,0,0,0,1,0
lGLuy3hSHQ.png,0,0,0,0,1,0
y3zLIaUivH.png,0,0,0,0,1,0
7pbXik3Uoi.png,0,0,0,0,0,0
Y7i5RponNr.png,0,0,0,0,1,0
iMERZmlJhr.png,0,0,0,0,1,0
bvGjKxTNdv.png,0,0,0,0,1,0
j19b2Tm3wW.png,0,0,0,0,1,0
vksZtaP5Qc.png,0,0,0,0,1,0
2nvNK0PYZ0.png,0,0,0,0,1,0
vC4CVsIlFn.png,0,0,0,0,1,0
3MqZYda8io.png,1,1,1,1,0,1
aOyiEhPFCL.png,0,0,0,0,0,0
GDnGG2XmTP.png,1,0,1,0,1,1
I3UwEDQuFt.png,0,0,0,0,1,0
AOOek7Mhow.png,0,0,0,0,1,0
Zo6HS7UaAB.png,0,0,0,0,1,0
Y6tG604nYe.png,0,0,0,0,1,0
CsS1pUbegT.png,0,0,0,0,1,0
sIRvnthqnb.png,1,1,1,0,1,0
c9jQtZZEL4.png,0,0,0,0,0,0
y2RkUX4LdS.png,0,0,0,0,1,0
GozcDEM2aU.png,0,0,0,0,0,0
qqyCRsmjyn.png,1,0,0,1,1,1
cJePE1t9WQ.png,0,0,0,0,1,0
taaOv7MGyw.png,0,0,0,0,1,0
ckKZPqvogb.png,1,0,1,0,1,1
BHThRhJAge.png,0,0,0,0,1,0
U1B3LUUG83.png,0,0,0,0,0,0
eLgULRnx0k.png,0,0,0,0,0,0
U4o74J8Jsc.png,0,0,0,0,0,0
QBqYfDysEV.png,0,0,0,0,0,0
Th1WzDKNQp.png,0,0,0,0,1,0
fQ9cUc8VaD.png,0,0,0,0,1,0
tJkIIslXoh.png,0,0,0,0,1,0
aaCHLL6DWW.png,0,0,0,0,1,0
VqeNbRDJLX.png,0,0,0,0,1,0
Z8yl6UZ05H.png,0,0,0,0,1,0
j8Bdnv4T9J.png,0,0,0,0,1,0
KvoRrs5I1K.png,0,0,0,0,1,0
jRCvQqtcTx.png,1,0,1,0,1,1
6ASInhXSLa.png,0,0,0,0,0,0
4GLOKc7yfa.png,0,0,0,0,0,0
OXkshvuKZB.png,1,1,0,0,0,0
MrdWFfiRpn.png,0,0,0,0,1,0
gUMeDRKizR.png,0,0,0,0,1,0
gWdhofk6mP.png,1,0,0,1,1,1
ctI2Tol5VQ.png,0,0,0,0,1,0
0Ie3oK2jUY.png,0,1,0,0,0,0
yI8J8CCe34.png,0,0,0,0,0,0
xfX8wZPj9T.png,0,0,0,0,1,0
jap0OBT3Ak.png,0,0,0,0,1,0
iKT97irbXL.png,0,0,0,0,1,0
BTAslD2jko.png,1,0,0,1,1,1
fffNRTniEg.png,0,0,0,0,1,0
hTVNCBb4gU.png,0,0,0,1,1,0
aTFXDo0LQ5.png,1,1,1,0,1,0
WtEliusGqh.png,0,0,0,0,1,0
CtzwlvM6S5.png,0,0,0,0,1,0
p1Z3NKMwev.png,0,0,0,0,1,0
pQ8HMjgb24.png,0,0,0,0,1,0
i1LFJAPBFN.png,0,0,0,0,1,0
MCQ2rWp1Qr.png,1,0,1,0,1,1
i8ClaRa7k6.png,0,0,0,0,1,0
ObHtGxdKmK.png,0,0,0,0,1,0
wdHcLIopgM.png,0,0,0,0,1,0
HeT07X0UAl.png,1,1,0,0,0,0
8vf1RskIGs.png,0,0,0,0,1,0
3zlvIo5s9P.png,0,0,0,0,1,0
L10aY2Lf9F.png,0,0,0,0,0,0
jyD5uj82pV.png,1,0,1,0,1,1
hSNfwC1ZFy.png,0,0,0,0,1,0
S2zGJtDiXx.png,0,0,0,0,1,0
HdAAwMuLIt.png,0,0,0,1,1,0
HbqMDxn1FH.png,0,0,0,0,1,0
0ANzYMxuGX.png,0,0,0,0,1,0
FUKDnEiVTl.png,1,0,1,0,1,0
XBiGRtTXqh.png,0,0,0,0,1,0
RPO6RoiI48.png,0,0,0,0,0,0
kng0jiRTii.png,0,0,0,0,1,0
mdLwCWwXIG.png,0,0,0,0,1,0
4LPNen0pVt.png,1,0,1,0,1,1
ftIiqfNSbV.png,0,0,0,0,1,0
MyPtlp3a6v.png,0,0,1,0,1,0
ojWkz4EYV3.png,0,0,0,0,0,0
gndv28wwze.png,0,0,0,0,1,0
jY1ANpI6Wh.png,1,0,1,0,0,0
G3F15wWQ4b.png,0,0,0,0,1,0
CE0U4CpCub.png,0,0,0,0,1,0
5I26VuGRgs.png,1,1,0,0,0,0
YqQizK1oJh.png,0,0,0,0,1,0
2xKvXtJdN0.png,0,0,0,0,1,0
O1420mQKir.png,0,0,0,0,1,0
q6wFjda2mp.png,0,0,0,0,1,0
VtdVDhCOcI.png,0,0,0,1,1,0
UqlrVxiHSF.png,1,1,1,1,1,1
5RQwuqmZmp.png,0,0,0,0,0,0
ruKbEaIZLg.png,0,0,0,0,1,0
J6UiBoJZXD.png,0,0,0,0,1,0
ivRYKDhxmN.png,0,0,0,0,1,0
PVe082cBmZ.png,0,0,0,0,1,0
J02VPhDIbo.png,0,0,0,0,1,0
cQUBJwcJgX.png,0,1,1,0,0,1
hGRNqlXe4e.png,0,0,0,0,1,0
vrnDyjL88q.png,1,0,1,0,0,0
ZZU9jsSVei.png,0,0,0,0,1,0
x5SjMm2bcA.png,1,0,1,0,1,0
OpZ0mlJohw.png,0,0,0,0,1,0
6o30aMD13s.png,0,0,0,0,1,0
qhlVH6sKMN.png,0,0,1,0,0,1
msLni84ZLJ.png,1,0,1,0,0,0
wq7OybwUw0.png,0,0,0,0,1,0
8mKRhTXqZo.png,0,0,0,0,1,0
YMsyIPlZVu.png,0,0,0,0,1,0
DDfZv63erj.png,0,0,0,0,1,0
awME197oQa.png,0,0,0,0,1,0
z7U51ryLc7.png,0,0,0,1,1,0
Qxegpw75Gt.png,0,0,0,0,1,0
BjjY2LaymZ.png,0,0,0,0,1,0
8Z3i74IAC3.png,0,0,0,0,1,0
hVEowDfDeg.png,0,0,0,0,1,0
595cjgXRIH.png,0,0,0,0,1,0
EzUcwGQUZN.png,0,0,0,0,0,0
cWzHh4Qdww.png,1,0,1,0,1,0
pzOsnUpnMB.png,0,0,0,0,1,0
GV9da9XLXe.png,1,0,1,0,1,1
wHYlFtbZkP.png,1,0,1,0,1,1
I4sVU2m9fV.png,0,0,0,0,1,0
xHoFWGOaNE.png,1,0,0,1,1,1
uja5pk5Sz6.png,0,0,0,0,1,0
s9uuXEu1o7.png,1,1,1,1,1,0
pvcOATuRpP.png,0,0,1,0,0,0
EQueHNdPlR.png,0,0,0,0,1,0
Z9yZrq64PG.png,0,0,0,0,1,0
yYCo1BI38W.png,0,0,0,1,1,0
2KHB9yMVdw.png,0,0,0,0,1,0
NpwScFM5ac.png,1,0,1,0,1,1
Hoyynzgwa4.png,0,0,0,0,1,0
SLZODzwFwS.png,1,1,0,1,1,1
b5TYGvyDuM.png,0,0,0,0,1,0
4EgmnWgfUy.png,0,0,0,0,1,0
PbGbdy5KfS.png,1,0,0,1,1,1
CKgfyIElCf.png,0,0,0,0,1,0
45BBuE4BkS.png,0,0,0,0,1,0
ixxBxC3wIN.png,0,0,0,0,0,0
HFy7BKuP5m.png,1,0,0,1,1,1
tXr75vu8dx.png,0,0,0,0,1,0
V3npmZ9rZX.png,0,0,0,0,1,0
5jyEmkEurb.png,0,0,0,0,1,0
zb8SzNa0IW.png,0,0,0,0,1,0
4081otrVOy.png,0,0,0,0,1,0
rQVcXFym6n.png,0,0,0,0,1,0
2tX2tKH61A.png,0,0,0,1,1,0
xdQJAOwY2v.png,0,0,0,0,1,0
BMTBpBKkzh.png,0,0,1,0,0,1
hy2DcLOqU4.png,0,0,0,0,1,0
sJIDChTHXL.png,0,0,0,0,1,0
tEQTk8ruzw.png,0,0,0,0,1,0
DLcwIyBmzC.png,0,0,0,0,1,0
UVMuVeVQai.png,0,0,0,0,1,0
Rie33HqyWI.png,0,0,0,0,1,0
nIcSRYxiB2.png,0,0,0,0,1,0
37ZXa4jczX.png,1,0,1,0,1,1
sMGXjHQNpT.png,1,0,1,0,1,1
fCLirL9EKW.png,0,0,0,0,0,0
PGFZFxrF3K.png,0,0,0,0,1,0
LMmotzCu7i.png,1,1,1,0,1,0
FErzi9CWQ4.png,0,0,0,0,0,0
qWlsYGnpjr.png,0,0,0,0,0,0
r0CnVfoFZc.png,0,0,0,0,1,0
6Jfbq51tdV.png,0,0,0,0,1,0
oMqAg2oz6c.png,0,0,0,0,1,0
ihGVeYP5gU.png,0,0,0,0,1,0
SnJK2RJJjz.png,0,0,0,0,1,0
ikIXLpsXtU.png,1,0,0,1,1,1
N552DK0UKE.png,0,0,0,0,0,0
vU4ugtfWHR.png,0,0,0,0,1,0
2paTgdkM8J.png,0,0,0,0,1,0
Iw6T3qG0kB.png,0,0,0,0,1,0
pSvcz7eemV.png,0,0,0,0,1,0
1zmBbQBOJU.png,0,0,0,0,0,0
g7FNwTb7y6.png,0,0,0,0,1,0
qsgoyJve83.png,1,0,0,1,1,1
daXbeLYmLa.png,0,0,0,0,1,0
kxJ6adeu5w.png,1,0,0,1,1,1
l5uIJ65D2l.png,1,0,0,0,0,0
VRBA4w6r71.png,0,0,0,0,1,0
VIHxk8UsiD.png,1,0,1,0,1,0
fSkXRux9Xt.png,0,0,0,0,1,0
LhHXNTTGgV.png,1,1,1,1,1,1
UjFBVlYAHW.png,0,0,0,0,1,0
bUco8sSXNw.png,0,0,0,0,1,0
SQiTbIDRw9.png,0,0,0,0,0,0
o1qmPi7R0k.png,1,0,0,1,1,1
sA6gX4IcTC.png,1,1,1,0,1,0
AeQCQmqee7.png,0,0,0,0,1,0
XQMPvP2ulW.png,0,0,1,0,0,1
VJmacyjIAc.png,0,0,0,0,0,0
2zkHiND1Ty.png,0,0,0,0,1,0
kki320lDFt.png,0,0,0,0,1,0
gV5DlpPr4Y.png,0,0,0,0,1,0
kAKwKD8Ru6.png,0,0,0,0,1,0
KkNN7UJiUg.png,0,0,0,0,1,0
Gd51zWoC55.png,1,1,0,0,0,0
N2abyC14Zx.png,0,0,0,0,1,0
Y3wQKq9hTm.png,0,0,0,0,1,0
EKBxhSQdkS.png,0,0,0,0,0,0
XFyqdmR0Xe.png,0,0,0,0,1,0
nDURPuYX7j.png,0,0,0,0,0,0
cIUjuJCbBi.png,0,0,0,0,1,0
DHRJAOaSkh.png,0,0,0,0,1,0
fPxP6Qr2bn.png,0,0,0,1,1,0
5DFEqRCjq2.png,0,0,0,0,1,0
xNMRE4h0NU.png,1,1,1,0,1,0
XG0pcCOzfg.png,0,0,0,0,1,0
9sKfnu1O7M.png,0,0,0,0,1,0
VNGQWP8bbH.png,0,0,0,0,1,0
Z9NLCmgRKH.png,1,0,1,0,1,1
IWBf7iKLKZ.png,0,0,0,0,1,0
ul7OwvDhTT.png,0,0,0,0,1,0
MNMCE2aOH3.png,0,1,0,0,0,0
idiSEh9s6f.png,0,0,0,0,1,0
W2WltssQVc.png,1,1,0,1,1,1
UU59Tx0G7a.png,0,0,0,0,1,0
qrUJERwhxj.png,0,0,0,0,0,0
EVoHaHFjVa.png,0,0,0,1,1,0
qFGKRn2lrB.png,0,0,0,0,0,0
C40ALnQnuU.png,1,1,0,0,0,0
j8s3EdsoeX.png,0,0,0,0,1,0
00kRuv6MAE.png,1,0,1,0,1,1
lq4WfVdZ5r.png,0,0,0,0,1,0
kTdRMqBBZc.png,0,0,0,0,0,0
0szKf86JTU.png,0,0,0,0,1,0
ru7oT5n9ZK.png,0,0,0,0,1,0
bXUCFtqVo5.png,0,0,0,0,1,0
dumy02Zdeb.png,1,1,1,0,1,0
gxPEvPSaLL.png,0,0,0,0,0,0
sidq5SyoOQ.png,0,0,0,0,1,0
vyI4oku9yk.png,0,1,1,0,0,0
FE1UGTP4qu.png,0,0,0,0,1,0
rYbB22T8DN.png,0,0,0,0,0,0
6FMp5o3cQV.png,0,0,0,0,1,0
pfb5QPojcq.png,1,0,1,0,1,1
szY1o7E0mH.png,1,1,0,0,0,0
ykbbU9Iz9e.png,0,0,0,0,0,0
wzGyMyFBNF.png,0,0,0,1,1,0
2niJGw893e.png,0,1,1,0,0,1
vlG0NNP3dE.png,0,0,0,0,0,0
LOhCALmaBz.png,0,0,0,0,1,0
pLQRCGfY1V.png,0,0,0,0,0,0
etpOKXdWOV.png,0,0,0,0,1,0
xv0Kpw680s.png,1,1,1,1,1,1
dDBu9xP7DL.png,0,0,0,0,1,0
6Dhr83XMxf.png,0,0,0,0,0,0
Qr5228Cb1r.png,0,0,0,0,1,0
Zb4w3cMYRu.png,1,1,0,1,1,1
e4mt86B1So.png,0,0,0,0,1,0
FGmlPqojVE.png,0,0,0,0,0,0
xgx9TUS7cM.png,0,0,0,0,1,0
3PlWWIS1qG.png,0,0,0,0,1,0
5AXWs1ijFz.png,1,0,0,1,1,1
tsBgzZ7xvW.png,0,0,0,0,1,0
nmk13J84Ag.png,0,0,0,0,1,0
i1UqZZnLYs.png,0,0,0,0,1,0
prgHi0vhH3.png,0,0,0,0,1,0
DV9O8dfBQs.png,0,0,0,0,1,0
DoRZAZeDb4.png,0,0,0,0,1,0
Vmg9Rw6d7r.png,0,0,0,0,1,0
W4UZxBK0A2.png,1,0,1,0,0,0
7vFgeGzNz7.png,0,0,0,0,1,0
P6KeE7bi13.png,0,0,0,0,1,0
QpajLb21Wu.png,0,0,0,0,1,0
PqHEpgpgyM.png,0,0,1,0,0,0
yyc0tYJk64.png,0,0,0,0,1,0
zH4JECOQj8.png,0,0,0,0,0,0
IB9bPPTm5J.png,0,0,0,1,1,0
akqv6PmXkG.png,1,0,0,1,1,1
8IZheEuDBn.png,0,0,0,0,1,0
KuLSpJFh4t.png,0,0,0,0,1,0
i89DHlR0M1.png,1,1,0,0,0,0
ALig8HARnB.png,0,0,0,0,0,0
odqwKVpaSh.png,1,1,0,0,0,0
1lfzM4hXWy.png,0,0,0,0,1,0
JIJcUUB0lw.png,0,0,0,0,1,0
4QQxXP5USc.png,0,0,0,0,1,0
nPEL9xXg3P.png,0,0,0,1,1,0
5pOoIWz1cJ.png,0,0,0,0,1,0
Y0qGMJ20RP.png,1,0,1,0,1,1
XvA1VPLPnL.png,1,0,1,0,0,0
iiCxeBER7K.png,1,1,1,1,1,1
SHR6H1EDc1.png,0,0,0,0,1,0
l6NbtG7qQW.png,1,0,0,1,1,1
tOENgxYtQP.png,0,0,0,0,1,0
W3dGjH6SjG.png,1,0,1,0,1,1
ApSB54zTcP.png,0,0,0,0,1,0
jSTwaVx1M8.png,0,0,0,0,1,0
HY508lFTOM.png,0,0,0,0,1,0
QxVegEBUbw.png,0,0,0,0,0,0
pBfMDR7vSD.png,0,0,0,0,1,0
kCR6NLQWSR.png,1,0,1,0,1,1
ZR8SC9G3pJ.png,1,0,0,1,1,1
BFdiTjoEAw.png,1,1,0,1,1,1
eaLbUuwiZq.png,0,0,0,0,1,0
uGNRdHi2Yv.png,0,0,0,0,0,0
74aq1TwbbG.png,0,0,0,0,1,0
dD8czAT7X8.png,0,0,0,0,0,0
l0RDrPFjVM.png,0,0,0,0,0,0
ApdtTz1EYH.png,0,0,0,0,1,0
0T54Y8xgAh.png,0,0,0,0,1,0
jEceBo1U1L.png,1,0,1,0,1,1
iN5u0NbXtQ.png,0,0,0,0,1,0
m4yCC3ENfs.png,0,0,0,0,1,0
mh2SDmFBmR.png,0,0,0,0,1,0
y28bK2nOWp.png,0,0,0,0,1,0
W6CfaYBxGj.png,0,0,0,0,1,0
lq8Ie6wTUF.png,0,0,0,0,1,0
iBBzWjufDa.png,0,0,0,0,1,0
pqQNVTJEPk.png,0,0,0,0,1,0
0PzDlczc4y.png,1,0,0,1,1,1
YsBPPnOUtI.png,0,0,0,1,1,0
le2Kp8chZv.png,0,0,0,0,1,0
rGMjeo1KP9.png,1,0,0,1,1,1
aptevOFxUX.png,0,0,0,0,1,0
4p4Ki01nrJ.png,0,0,0,0,1,0
JBC5shhqMm.png,0,0,0,0,1,0
wgsJeshHTi.png,0,0,0,0,1,0
EXgdM6fdgN.png,0,0,0,0,1,0
6hmrvJnjuH.png,1,0,0,1,1,1
xVdYrqJliC.png,0,0,0,0,0,0
tWe4QMCY3I.png,0,0,0,0,1,0
LsTLz1ZOjg.png,0,0,0,0,1,0
pB5Wko482l.png,0,0,0,1,1,0
mIZCE2Nu8g.png,1,0,1,0,1,1
oMyy0c5p3t.png,0,0,0,0,1,0
M9KcJRPNB2.png,1,1,1,0,1,0
jbw34hvDa2.png,0,0,0,0,0,0
iPEIMZszIy.png,0,0,0,0,1,0
N0iOBC9gR2.png,0,0,0,0,0,0
pK4tArs5BT.png,0,0,0,0,1,0
5WGe61yka3.png,1,0,0,1,0,0
M4vjFgw375.png,0,1,0,0,0,0
8A2Qtd56jN.png,0,0,0,0,1,0
vk989hWMBh.png,0,0,0,0,0,0
G5cUZ2xZtD.png,0,0,0,0,1,0
2erXNd7bfg.png,0,0,0,0,1,0
Rw3aXNmZIL.png,0,0,0,0,1,0
zJ10pd2PwF.png,0,0,0,0,1,0
WVMfCE5KxF.png,0,0,0,0,0,0
jBP8xKwZzn.png,0,0,0,0,1,0
ofjHIuBilN.png,0,0,0,0,0,0
qWpmXFCggG.png,0,0,0,0,1,0
SWtfaWDxiG.png,0,0,0,0,1,0
dGQMCnYLbQ.png,0,0,0,0,1,0
gSKGvt4xcG.png,0,0,0,0,1,0
o9Ve9fuEml.png,0,0,0,0,1,0
yeRyDzdTJX.png,0,0,0,0,1,0
0WuC9X1ei8.png,0,0,0,0,1,0
hQL0oLJcTa.png,0,0,0,0,1,0
vODo65gmno.png,0,0,0,0,1,0
ud9r4PHDck.png,0,0,0,0,1,0
emEaNtwkZS.png,0,0,0,0,1,0
Wp3IQx1JLB.png,1,1,1,1,1,0
THhUslPJ2a.png,0,0,0,0,1,0
rncZz4KDqB.png,0,0,0,0,0,0
he6pd3CtkN.png,0,0,0,0,1,0
liEBQd3Uta.png,1,1,1,0,1,0
PBZOjsCCNq.png,1,0,1,0,1,1
gbQsZwGUbM.png,0,0,0,0,1,0
zYRQvhZRQU.png,0,0,0,0,1,0
7oBLXpgGdF.png,0,0,0,0,1,0
enpuNvEr8b.png,0,0,0,0,1,0
sRhgm0hn95.png,0,0,0,0,1,0
Y5VH0bpVG9.png,0,0,0,0,1,0
uKjA1TdFxV.png,0,0,0,0,1,0
LNBUJgnMQy.png,1,0,1,0,1,0
QPCWtuP5FS.png,1,0,1,0,1,1
X9HHhMUb2V.png,0,0,0,0,1,0
h2Orj1hA19.png,0,0,0,0,1,0
T5KajloeHt.png,0,0,0,0,1,0
vq1oe62a5a.png,0,0,0,0,1,0
O69J3wTTj4.png,0,1,1,0,0,0
UWiao8rfmT.png,0,0,0,0,1,0
kXdc1jogaw.png,0,0,0,0,1,0
SQMxyIif8l.png,0,0,0,0,1,0
H3v8mXaOuA.png,0,0,0,0,1,0
FCAFwn1L1Y.png,0,0,0,0,1,0
hsEnipbrhk.png,0,0,0,0,0,0
EovrxnsdQD.png,0,0,0,0,1,0
jvhTYvEqal.png,0,0,0,0,0,0
nzGzXX9SHV.png,0,0,0,0,1,0
hpeqbDIYYh.png,0,0,0,0,0,0
Khjhcpk2cV.png,0,0,0,0,1,0
YyTGbR42T0.png,0,0,0,0,0,0
X1UxOIQdMH.png,0,0,0,0,1,0
AI8x3EvL0P.png,0,0,0,0,1,0
zu8cs1HXLB.png,0,0,0,0,1,0
ANlX0cGcCF.png,0,0,0,0,1,0
tlKH0VhxGS.png,0,0,0,1,0,0
4uRQfumtac.png,0,0,0,0,1,0
SE3gQh8FJS.png,0,0,0,0,1,0
5HZDDaCYZI.png,0,0,0,0,1,0
6Pom7c4yAH.png,0,0,0,0,1,0
stPBWkybhY.png,0,0,0,0,1,0
d7ZAoXxzgV.png,0,0,0,1,1,0
oz664AqXVl.png,0,0,0,0,1,0
FkAtO4Nvt3.png,0,0,0,0,1,0
GbHffpeOeX.png,0,0,0,0,0,0
csFZyzcuAc.png,0,0,0,0,1,0
pGWEbuShNa.png,0,0,0,0,1,0
CuhWTEiM5Z.png,0,0,0,0,0,0
CGMattO3SF.png,0,0,0,1,1,0
bMucaLNpGq.png,1,1,1,0,1,0
0JccmeADwN.png,1,0,1,0,0,0
OoUtfqjC52.png,0,0,0,0,0,0
KgcLvJNbEb.png,0,0,0,0,0,0
X3E2BdHuCH.png,0,0,0,0,1,0
849n4MwKv5.png,0,0,0,0,1,0
xW8FAdMJ0Y.png,0,1,0,0,0,0
In2W4ESKr3.png,1,1,0,0,0,0
Lh4NIemOcu.png,1,1,0,0,0,0
fPsmzLYxqw.png,0,0,0,0,1,0
X29xSalGyX.png,0,0,0,1,1,0
tfi6yF5V8T.png,1,1,1,1,1,1
8BbFm7xLSc.png,1,0,0,1,1,1
XalstuM3fX.png,0,0,0,0,1,0
CUghyzbRCc.png,0,0,0,0,1,0
xLPL7TS7ov.png,0,0,0,0,1,0
6Co57HwZOS.png,0,0,0,0,1,0
mW2hhBc7h1.png,0,0,0,0,1,0
YOsW9A6cBD.png,0,0,0,0,1,0
tWJd9wGa9k.png,1,1,1,0,1,0
v808ghWcMq.png,0,0,1,0,0,0
sciRovQXEG.png,0,0,0,0,1,0
4ta9spB9fi.png,1,0,0,1,1,1
hEU3Iqxa2i.png,1,0,1,0,1,1
LYt2pyveur.png,0,0,0,0,1,0
5JnugJu4rt.png,1,1,1,0,1,0
q82ldM4lpN.png,0,0,0,0,1,0
RqqIzCmQBQ.png,0,0,0,1,1,1
qYt6nUyj2U.png,0,0,0,0,0,0
Lw1kMWQlnG.png,0,0,0,0,1,0
60vwbAwHXX.png,0,0,0,0,0,0
YpHpTNYY9g.png,0,0,0,0,1,0
tALuxJnuZD.png,0,0,1,0,0,1
01KEDT4zzL.png,0,0,0,1,1,0
aEX0bD5YVl.png,0,0,0,0,1,0
QFmxSRjW3r.png,1,1,0,1,0,0
74AzuRINAB.png,0,0,0,0,1,0
woMbwHZ8uk.png,0,0,0,0,1,0
BoVC4ukl3v.png,1,1,1,0,1,0
MfgdBFdScg.png,0,0,0,1,1,1
1EodnbF3nh.png,1,1,1,0,1,0
X9lfI7WG8g.png,1,0,1,0,0,0
EMqwrZRUG1.png,0,0,0,0,1,0
tIRYk6SSfI.png,0,0,0,0,1,0
somyBD0dSV.png,1,0,0,0,0,0
kSywdeUsM3.png,1,0,1,0,0,0
5zjEM9flIa.png,0,0,0,0,1,0
IuPhrrWSBa.png,0,0,0,0,1,0
QO3oqIkZmo.png,0,0,0,0,1,0
1yMGSH6Z7s.png,1,0,1,0,1,1
lxrWmhhfIk.png,0,0,0,0,1,0
L8rRr1V7lG.png,0,0,0,0,1,0
LZNbe3NnkF.png,0,0,0,0,1,0
7hoHLguG6M.png,1,0,1,0,1,1
3J9yX2jzUS.png,1,0,0,1,1,1
BFe5VeiKsy.png,0,0,0,0,1,0
89xvHcmpfm.png,0,0,0,0,1,0
SYkKnqox9N.png,0,0,0,0,1,0
m82JxKcAkC.png,0,0,0,0,1,0
3tjQDODSp9.png,1,1,0,0,0,0
aemsuFwaYP.png,0,0,0,0,1,0
DjhmyuYduR.png,0,0,0,1,1,1
0JgMbc0XX3.png,0,0,0,0,1,0
YQfYRUbKnU.png,1,0,1,0,1,1
764nvawW6g.png,0,0,0,0,1,0
UGfW4WUFoj.png,0,0,0,0,1,0
YvvORgND8G.png,0,0,0,0,0,0
b7pmN2857V.png,0,0,0,0,1,0
UGL3zdG6aV.png,1,0,0,0,0,0
E3bRS9XAK3.png,0,0,0,0,1,0
